{"inputUnits":[63],"outputUnits":3,"inputs":{"0":{"dtype":"number","min":115.15327980980086,"max":523.7436266415924},"1":{"dtype":"number","min":165.13715558498046,"max":482.42123287513925},"2":{"dtype":"number","min":-0.003470487892627716,"max":0.0005589351058006287},"3":{"dtype":"number","min":129.04600818588514,"max":519.1442067219781},"4":{"dtype":"number","min":149.3783695877459,"max":466.25818890064465},"5":{"dtype":"number","min":-18.406383514404297,"max":34.432090759277344},"6":{"dtype":"number","min":153.9640862137411,"max":495.6138845536144},"7":{"dtype":"number","min":130.40866506099633,"max":455.4991423842936},"8":{"dtype":"number","min":-28.087371826171875,"max":48.0225715637207},"9":{"dtype":"number","min":178.2264475672608,"max":469.0459491696045},"10":{"dtype":"number","min":114.19019876393597,"max":438.42795371907823},"11":{"dtype":"number","min":-29.580547332763672,"max":52.90239715576172},"12":{"dtype":"number","min":193.12300852582277,"max":471.0822735227709},"13":{"dtype":"number","min":99.0315724053772,"max":424.38981457671935},"14":{"dtype":"number","min":-39.6734733581543,"max":53.238040924072266},"15":{"dtype":"number","min":163.24191732483644,"max":484.80559906308093},"16":{"dtype":"number","min":102.64642066570578,"max":400.04583880128786},"17":{"dtype":"number","min":-51.58976745605469,"max":52.18804168701172},"18":{"dtype":"number","min":200.8771142382281,"max":447.17321484247526},"19":{"dtype":"number","min":90.63332834786846,"max":371.30506308352034},"20":{"dtype":"number","min":-67.6852798461914,"max":67.67326354980469},"21":{"dtype":"number","min":220.67252345913374,"max":435.15353135440097},"22":{"dtype":"number","min":85.48222722742358,"max":384.50381707039935},"23":{"dtype":"number","min":-72.70484924316406,"max":71.72660064697266},"24":{"dtype":"number","min":232.65398908648484,"max":439.4287958737099},"25":{"dtype":"number","min":73.71240562345568,"max":396.1086510821127},"26":{"dtype":"number","min":-75.98612976074219,"max":72.47080993652344},"27":{"dtype":"number","min":160.84035817218202,"max":479.3536413025845},"28":{"dtype":"number","min":102.20817638717196,"max":382.11096206221106},"29":{"dtype":"number","min":-53.456600189208984,"max":35.288726806640625},"30":{"dtype":"number","min":212.41307817452852,"max":445.21240554925055},"31":{"dtype":"number","min":88.10972418361837,"max":376.1584592544961},"32":{"dtype":"number","min":-72.89143371582031,"max":49.69839096069336},"33":{"dtype":"number","min":231.2824346173597,"max":458.8080503074346},"34":{"dtype":"number","min":75.19454615842767,"max":398.68397254078565},"35":{"dtype":"number","min":-76.42941284179688,"max":48.80305480957031},"36":{"dtype":"number","min":232.2329963483259,"max":458.74841867252945},"37":{"dtype":"number","min":61.80691526603333,"max":415.76870224061133},"38":{"dtype":"number","min":-79.77204895019531,"max":49.778541564941406},"39":{"dtype":"number","min":162.81349531260878,"max":471.7236156541127},"40":{"dtype":"number","min":106.46267712631298,"max":381.47074049249863},"41":{"dtype":"number","min":-53.02057647705078,"max":20.59023666381836},"42":{"dtype":"number","min":211.01745522545443,"max":455.3536600128041},"43":{"dtype":"number","min":86.34735148894102,"max":378.7639674191218},"44":{"dtype":"number","min":-69.97415161132812,"max":38.42466735839844},"45":{"dtype":"number","min":208.17477904226547,"max":466.5201463895937},"46":{"dtype":"number","min":72.50153122846115,"max":399.3705425543677},"47":{"dtype":"number","min":-72.71611022949219,"max":40.637977600097656},"48":{"dtype":"number","min":200.5845533165597,"max":462.28340646951756},"49":{"dtype":"number","min":61.15651624032266,"max":413.2411449459832},"50":{"dtype":"number","min":-72.73419189453125,"max":37.57264709472656},"51":{"dtype":"number","min":162.0223937819138,"max":471.2496073724664},"52":{"dtype":"number","min":103.74708458389965,"max":405.4885279719245},"53":{"dtype":"number","min":-51.27098846435547,"max":17.96912956237793},"54":{"dtype":"number","min":178.46525861243305,"max":448.2942741670507},"55":{"dtype":"number","min":90.19235547381851,"max":393.6113698618177},"56":{"dtype":"number","min":-65.71971893310547,"max":34.72770690917969},"57":{"dtype":"number","min":182.51005886146498,"max":462.08683099442464},"58":{"dtype":"number","min":81.95089644368352,"max":391.6684861044684},"59":{"dtype":"number","min":-71.7879409790039,"max":36.54141616821289},"60":{"dtype":"number","min":190.3564190824311,"max":471.2811386620391},"61":{"dtype":"number","min":73.77169113568502,"max":391.90698038057974},"62":{"dtype":"number","min":-75.3612060546875,"max":34.17817306518555}},"outputs":{"0":{"dtype":"string","min":0,"max":1,"uniqueValues":["Oi","Duvida","Entendi"],"legend":{"Oi":[1,0,0],"Duvida":[0,1,0],"Entendi":[0,0,1]}}},"isNormalized":true}